<?xml version="1.0" encoding="UTF-8"?>
<project-private xmlns="http://www.netbeans.org/ns/project-private/1">
    <editor-bookmarks xmlns="http://www.netbeans.org/ns/editor-bookmarks/2" lastBookmarkId="1">
        <file>
            <url>src/ASimulatorSystem/Transactions.java</url>
            <bookmark id="1">
                <name/>
                <line>0</line>
                <key/>
            </bookmark>
        </file>
    </editor-bookmarks>
    <open-files xmlns="http://www.netbeans.org/ns/projectui-open-files/2">
        <group>
            <file>file:/C:/Users/Akshit%20Kumar%20Tiwari/Downloads/ATM-Simulator-System-master/ATM-Simulator-System-master/ATM-Simulator-System/src/ASimulatorSystem/Signup2.java</file>
            <file>file:/C:/Users/Akshit%20Kumar%20Tiwari/Downloads/ATM-Simulator-System-master/ATM-Simulator-System-master/ATM-Simulator-System/src/ASimulatorSystem/LoanStatus.java</file>
            <file>file:/C:/Users/Akshit%20Kumar%20Tiwari/Downloads/ATM-Simulator-System-master/ATM-Simulator-System-master/ATM-Simulator-System/src/ASimulatorSystem/SmsSender.java</file>
            <file>file:/C:/Users/Akshit%20Kumar%20Tiwari/Downloads/ATM-Simulator-System-master/ATM-Simulator-System-master/ATM-Simulator-System/src/ASimulatorSystem/Signup.java</file>
            <file>file:/C:/Users/Akshit%20Kumar%20Tiwari/Downloads/ATM-Simulator-System-master/ATM-Simulator-System-master/ATM-Simulator-System/README.md</file>
            <file>file:/C:/Users/Akshit%20Kumar%20Tiwari/Downloads/ATM-Simulator-System-master/ATM-Simulator-System-master/ATM-Simulator-System/src/ASimulatorSystem/MiniStatement.java</file>
            <file>file:/C:/Users/Akshit%20Kumar%20Tiwari/Downloads/ATM-Simulator-System-master/ATM-Simulator-System-master/ATM-Simulator-System/src/ASimulatorSystem/LoanRepayment.java</file>
            <file>file:/C:/Users/Akshit%20Kumar%20Tiwari/Downloads/ATM-Simulator-System-master/ATM-Simulator-System-master/ATM-Simulator-System/src/ASimulatorSystem/Signup3.java</file>
            <file>file:/C:/Users/Akshit%20Kumar%20Tiwari/Downloads/ATM-Simulator-System-master/ATM-Simulator-System-master/ATM-Simulator-System/src/ASimulatorSystem/Transactions.java</file>
            <file>file:/C:/Users/Akshit%20Kumar%20Tiwari/Downloads/ATM-Simulator-System-master/ATM-Simulator-System-master/ATM-Simulator-System/src/ASimulatorSystem/Conn.java</file>
            <file>file:/C:/Users/Akshit%20Kumar%20Tiwari/Downloads/ATM-Simulator-System-master/ATM-Simulator-System-master/ATM-Simulator-System/src/ASimulatorSystem/LoanApplication.java</file>
            <file>file:/C:/Users/Akshit%20Kumar%20Tiwari/Downloads/ATM-Simulator-System-master/ATM-Simulator-System-master/ATM-Simulator-System/src/ASimulatorSystem/Deposit.java</file>
            <file>file:/C:/Users/Akshit%20Kumar%20Tiwari/Downloads/ATM-Simulator-System-master/ATM-Simulator-System-master/ATM-Simulator-System/src/ASimulatorSystem/Login.java</file>
            <file>file:/C:/Users/Akshit%20Kumar%20Tiwari/Downloads/ATM-Simulator-System-master/ATM-Simulator-System-master/ATM-Simulator-System/src/ASimulatorSystem/Withdrawl.java</file>
        </group>
    </open-files>
</project-private>
